Workbook

Sheet Projektverwaltung
A1: Projektname | B1: Mitarbeiter | C1: Projektleiter
A2: Proj1 | B2: Müller, Meier, Schmitt | C2: Dorn
A3: Proj2 | B3: Heinrich, Mueller | C3: Kachelmann
A4: Proj3 | B4: Klaar | C4: Hartmann
A5: Proj4 | B5: Müller, Klaar, Hartmann | C5: Dorn
A6: Proj5 | B6: Meier, Heinrich | C6: Kachelmann

Sheet Projekte
A1: Nr | B1: Name | C1: LeiterNr | D1: Leiter (Anzeige)
A2: 1 | B2: Proj1 | C2: 7 | D2: =VLOOKUP($C2,Mitarbeiter!$A:$C,2,FALSE)&", "&VLOOKUP($C2,Mitarbeiter!$A:$C,3,FALSE) -> Dorn, Gerd
A3: 2 | B3: Proj2 | C3: 8 | D3: =VLOOKUP($C3,Mitarbeiter!$A:$C,2,FALSE)&", "&VLOOKUP($C3,Mitarbeiter!$A:$C,3,FALSE) -> Kachelmann, Heike
A4: 3 | B4: Proj3 | C4: 9 | D4: =VLOOKUP($C4,Mitarbeiter!$A:$C,2,FALSE)&", "&VLOOKUP($C4,Mitarbeiter!$A:$C,3,FALSE) -> Hartmann, Ingo
A5: 4 | B5: Proj4 | C5: 7 | D5: =VLOOKUP($C5,Mitarbeiter!$A:$C,2,FALSE)&", "&VLOOKUP($C5,Mitarbeiter!$A:$C,3,FALSE) -> Dorn, Gerd
A6: 5 | B6: Proj5 | C6: 8 | D6: =VLOOKUP($C6,Mitarbeiter!$A:$C,2,FALSE)&", "&VLOOKUP($C6,Mitarbeiter!$A:$C,3,FALSE) -> Kachelmann, Heike

Sheet Mitarbeiter
A1: Nr | B1: Name | C1: Vorname
A2: 1 | B2: Müller | C2: Anna
A3: 2 | B3: Meier | C3: Bernd
A4: 3 | B4: Schmitt | C4: Clara
A5: 4 | B5: Heinrich | C5: David
A6: 5 | B6: Müller | C6: Erik
A7: 6 | B7: Klaar | C7: Frank
A8: 7 | B8: Dorn | C8: Gerd
A9: 8 | B9: Kachelmann | C9: Heike
A10: 9 | B10: Hartmann | C10: Ingo

Sheet Zuordnung
A1: Nr | B1: ProjektNr | C1: MitarbeiterNr | D1: Projekt (Anzeige) | E1: Mitarbeiter (Anzeige)
A2: 1 | B2: 1 | C2: 1 | D2: =VLOOKUP($B2,Projekte!$A:$B,2,FALSE) -> Proj1 | E2: =VLOOKUP($C2,Mitarbeiter!$A:$C,2,FALSE)&", "&VLOOKUP($C2,Mitarbeiter!$A:$C,3,FALSE) -> Müller, Anna
A3: 2 | B3: 1 | C3: 2 | D3: =VLOOKUP($B3,Projekte!$A:$B,2,FALSE) -> Proj1 | E3: =VLOOKUP($C3,Mitarbeiter!$A:$C,2,FALSE)&", "&VLOOKUP($C3,Mitarbeiter!$A:$C,3,FALSE) -> Meier, Bernd
A4: 3 | B4: 1 | C4: 3 | D4: =VLOOKUP($B4,Projekte!$A:$B,2,FALSE) -> Proj1 | E4: =VLOOKUP($C4,Mitarbeiter!$A:$C,2,FALSE)&", "&VLOOKUP($C4,Mitarbeiter!$A:$C,3,FALSE) -> Schmitt, Clara
A5: 4 | B5: 2 | C5: 4 | D5: =VLOOKUP($B5,Projekte!$A:$B,2,FALSE) -> Proj2 | E5: =VLOOKUP($C5,Mitarbeiter!$A:$C,2,FALSE)&", "&VLOOKUP($C5,Mitarbeiter!$A:$C,3,FALSE) -> Heinrich, David
A6: 5 | B6: 2 | C6: 5 | D6: =VLOOKUP($B6,Projekte!$A:$B,2,FALSE) -> Proj2 | E6: =VLOOKUP($C6,Mitarbeiter!$A:$C,2,FALSE)&", "&VLOOKUP($C6,Mitarbeiter!$A:$C,3,FALSE) -> Müller, Erik
A7: 6 | B7: 3 | C7: 6 | D7: =VLOOKUP($B7,Projekte!$A:$B,2,FALSE) -> Proj3 | E7: =VLOOKUP($C7,Mitarbeiter!$A:$C,2,FALSE)&", "&VLOOKUP($C7,Mitarbeiter!$A:$C,3,FALSE) -> Klaar, Frank
A8: 7 | B8: 4 | C8: 1 | D8: =VLOOKUP($B8,Projekte!$A:$B,2,FALSE) -> Proj4 | E8: =VLOOKUP($C8,Mitarbeiter!$A:$C,2,FALSE)&", "&VLOOKUP($C8,Mitarbeiter!$A:$C,3,FALSE) -> Müller, Anna
A9: 8 | B9: 4 | C9: 6 | D9: =VLOOKUP($B9,Projekte!$A:$B,2,FALSE) -> Proj4 | E9: =VLOOKUP($C9,Mitarbeiter!$A:$C,2,FALSE)&", "&VLOOKUP($C9,Mitarbeiter!$A:$C,3,FALSE) -> Klaar, Frank
A10: 9 | B10: 4 | C10: 9 | D10: =VLOOKUP($B10,Projekte!$A:$B,2,FALSE) -> Proj4 | E10: =VLOOKUP($C10,Mitarbeiter!$A:$C,2,FALSE)&", "&VLOOKUP($C10,Mitarbeiter!$A:$C,3,FALSE) -> Hartmann, Ingo
A11: 10 | B11: 5 | C11: 2 | D11: =VLOOKUP($B11,Projekte!$A:$B,2,FALSE) -> Proj5 | E11: =VLOOKUP($C11,Mitarbeiter!$A:$C,2,FALSE)&", "&VLOOKUP($C11,Mitarbeiter!$A:$C,3,FALSE) -> Meier, Bernd
A12: 11 | B12: 5 | C12: 4 | D12: =VLOOKUP($B12,Projekte!$A:$B,2,FALSE) -> Proj5 | E12: =VLOOKUP($C12,Mitarbeiter!$A:$C,2,FALSE)&", "&VLOOKUP($C12,Mitarbeiter!$A:$C,3,FALSE) -> Heinrich, David
